url_path,views_total,views_unique
/ServerlessLLM/ServerlessLLM,476,203
/ServerlessLLM/ServerlessLLM/pulls,160,17
/ServerlessLLM/ServerlessLLM/tree/main/serverless_llm,159,44
/ServerlessLLM/ServerlessLLM/issues,118,30
/ServerlessLLM/ServerlessLLM/tree/main/serverless_llm/serve,91,24
/ServerlessLLM/ServerlessLLM/tree/main/serverless_llm/store,67,15
/ServerlessLLM/ServerlessLLM/pull/61,54,10
/ServerlessLLM/ServerlessLLM/commits/main,43,12
/ServerlessLLM/ServerlessLLM/tree/main/docs,32,11
/ServerlessLLM/ServerlessLLM/tree/main/examples,32,11
